Key,Sub-Key,Value,Source File
Profit & Loss - AOC-4 (Rs. Crore),"31 Mar, 2022","{
  ""Total operating revenue net of taxes"": ""12,522.80"",
  ""Operating Cost"": ""5,799.67"",
  ""Cost of Materials Consumed"": ""2,782.98"",
  ""Purchases of Stock-in-trade"": ""-87.23"",
  ""Changes in Inventories / Finished Goods"": ""1,483.50"",
  ""Employee Benefit Expense"": ""5,247.51"",
  ""Other Expenses"": ""15,226.43"",
  ""Total Operating Cost"": ""1,152.23"",
  ""Operating Profit ( EBITDA )"": null,
  ""Depreciation and Amortization Expense"": ""440.85"",
  ""Other Income"": ""48.71"",
  ""Profit Before Interest and Tax"": ""412.88"",
  ""Finance Costs"": ""185.74"",
  ""Profit Before Tax and Exceptional Items Before Tax"": ""227.14"",
  ""Exceptional Items Before Tax"": ""198.15"",
  ""Income Tax"": ""107.34"",
  ""Profit Before Tax"": ""425.29"",
  ""Profit For Period from Continuing Operations"": ""317.95"",
  ""Profit from Discontinuing Operations After Tax"": ""0.00"",
  ""Minority Interest and Profit from Associates and Joint Ventures"": ""-0.00"",
  ""Profit For the Period"": ""317.95""
}",output_csv_page_page_10.csv
Profit & Loss - AOC-4 (Rs. Crore),"31 Mar, 2023","{
  ""Total operating revenue net of taxes"": ""14,796.23"",
  ""Operating Cost"": ""5,873.93"",
  ""Cost of Materials Consumed"": ""2,307.59"",
  ""Purchases of Stock-in-trade"": ""-133.38"",
  ""Changes in Inventories / Finished Goods"": ""1,446.71"",
  ""Employee Benefit Expense"": ""4,391.25"",
  ""Other Expenses"": ""13,886.10"",
  ""Total Operating Cost"": ""910.13"",
  ""Operating Profit ( EBITDA )"": null,
  ""Depreciation and Amortization Expense"": ""475.81"",
  ""Other Income"": ""22.15"",
  ""Profit Before Interest and Tax"": ""456.47"",
  ""Finance Costs"": ""237.24"",
  ""Profit Before Tax and Exceptional Items Before Tax"": ""219.23"",
  ""Exceptional Items Before Tax"": ""-22.84"",
  ""Income Tax"": ""79.72"",
  ""Profit Before Tax"": ""196.39"",
  ""Profit For Period from Continuing Operations"": ""116.67"",
  ""Profit from Discontinuing Operations After Tax"": ""0.00"",
  ""Minority Interest and Profit from Associates and Joint Ventures"": ""19.67"",
  ""Profit For the Period"": ""136.34""
}",output_csv_page_page_10.csv
Profit & Loss - AOC-4 (Rs. Crore),"31 Mar, 2024","{
  ""Total operating revenue net of taxes"": ""16,378.66"",
  ""Operating Cost"": ""5,492.34"",
  ""Cost of Materials Consumed"": ""1,639.91"",
  ""Purchases of Stock-in-trade"": ""-233.64"",
  ""Changes in Inventories / Finished Goods"": ""1,282.77"",
  ""Employee Benefit Expense"": ""3,536.40"",
  ""Other Expenses"": ""11,717.78"",
  ""Total Operating Cost"": ""805.02"",
  ""Operating Profit ( EBITDA )"": null,
  ""Depreciation and Amortization Expense"": ""504.74"",
  ""Other Income"": ""151.07"",
  ""Profit Before Interest and Tax"": ""798.56"",
  ""Finance Costs"": ""278.91"",
  ""Profit Before Tax and Exceptional Items Before Tax"": ""519.65"",
  ""Exceptional Items Before Tax"": ""186.89"",
  ""Income Tax"": ""160.67"",
  ""Profit Before Tax"": ""706.54"",
  ""Profit For Period from Continuing Operations"": ""545.87"",
  ""Profit from Discontinuing Operations After Tax"": ""0.00"",
  ""Minority Interest and Profit from Associates and Joint Ventures"": ""43.29"",
  ""Profit For the Period"": ""589.16""
}",output_csv_page_page_10.csv
Profit & Loss - Key Schedule (Rs. Crore),"31 Mar, 2022","{
  ""Power and Fuel *"": ""0.00""
}",output_csv_page_page_10.csv
Profit & Loss - Key Schedule (Rs. Crore),"31 Mar, 2023","{
  ""Power and Fuel *"": ""0.00""
}",output_csv_page_page_10.csv
Profit & Loss - Key Schedule (Rs. Crore),"31 Mar, 2024","{
  ""Power and Fuel *"": ""0.00""
}",output_csv_page_page_10.csv
Managerial Remuneration,"31 Mar, 2022",0.00,output_csv_page_page_10.csv
Managerial Remuneration,"31 Mar, 2023",0.00,output_csv_page_page_10.csv
Managerial Remuneration,"31 Mar, 2024",0.00,output_csv_page_page_10.csv
Payment to Auditors,"31 Mar, 2022",30.01,output_csv_page_page_10.csv
Payment to Auditors,"31 Mar, 2023",29.54,output_csv_page_page_10.csv
Payment to Auditors,"31 Mar, 2024",19.41,output_csv_page_page_10.csv
Insurance Expenses,"31 Mar, 2022",184.20,output_csv_page_page_10.csv
Insurance Expenses,"31 Mar, 2023",189.89,output_csv_page_page_10.csv
Insurance Expenses,"31 Mar, 2024",142.01,output_csv_page_page_10.csv
Power and Fuel *,"31 Mar, 2022",0.00,output_csv_page_page_10.csv
Power and Fuel *,"31 Mar, 2023",0.00,output_csv_page_page_10.csv
Power and Fuel *,"31 Mar, 2024",0.00,output_csv_page_page_10.csv
Cash Flow - AOC-4 (Rs. Crore),"31 Mar, 2022","{
  ""Cash Flows from / ( Used in ) Operating Activities"": {
    ""Profit Before Tax"": ""783.65"",
    ""Adjustment for Finance Cost and Depreciation"": ""-1,067.54"",
    ""Adjustments for Current and Non-Current Assets"": ""738.07"",
    ""Adjustments for Current and Non-Current Liabilities"": ""-305.20"",
    ""Other Adjustments in Operating Activities"": ""855.52"",
    ""Net Cash Flows from / ( Used in ) Operating Activities"": null
  },
  ""Cash Flows from / ( Used in ) Investing Activities"": {
    ""Cash Outflow from Purchase of Assets"": ""19.43"",
    ""Cash Inflow from Sale of Assets"": ""43.49"",
    ""Income from Assets"": ""175.84"",
    ""Other Adjustments in Investing Activities"": ""-536.08"",
    ""Net Cash Flows from / ( Used in ) Investing Activities"": null
  },
  ""Cash Flows from / ( Used in ) Financing Activities"": {
    ""Cash Outflow from Repayment of Capital and Borrowings"": null,
    ""Cash Inflow from Raising Capital and Borrowings"": ""480.44"",
    ""Interest and Dividends Paid"": ""333.43"",
    ""Other Adjustments in Financing Activities"": ""-271.00"",
    ""Net Cash Flows from / ( Used in ) Financing Activities"": null
  },
  ""Increase / ( Decrease ) in Cash and Cash Equivalents Before Effect of Exchange Rate Changes"": ""-18.43"",
  ""Adjustments to Cash and Cash Equivalents"": null,
  ""Net Increase / ( Decrease ) in Cash and Cash Equivalents"": ""-18.43"",
  ""Cash and Cash Equivalents at End of Period"": ""391.03""
}",output_csv_page_page_11.csv
Cash Flow - AOC-4 (Rs. Crore),"31 Mar, 2023","{
  ""Cash Flows from / ( Used in ) Operating Activities"": {
    ""Profit Before Tax"": ""713.05"",
    ""Adjustment for Finance Cost and Depreciation"": ""-786.00"",
    ""Adjustments for Current and Non-Current Assets"": ""963.98"",
    ""Adjustments for Current and Non-Current Liabilities"": ""-112.96"",
    ""Other Adjustments in Operating Activities"": ""974.46"",
    ""Net Cash Flows from / ( Used in ) Operating Activities"": null
  },
  ""Cash Flows from / ( Used in ) Investing Activities"": {
    ""Cash Outflow from Purchase of Assets"": ""45.96"",
    ""Cash Inflow from Sale of Assets"": ""14.23"",
    ""Income from Assets"": ""-175.05"",
    ""Other Adjustments in Investing Activities"": ""-597.02"",
    ""Net Cash Flows from / ( Used in ) Investing Activities"": null
  },
  ""Cash Flows from / ( Used in ) Financing Activities"": {
    ""Cash Outflow from Repayment of Capital and Borrowings"": null,
    ""Cash Inflow from Raising Capital and Borrowings"": ""244.52"",
    ""Interest and Dividends Paid"": ""25.06"",
    ""Other Adjustments in Financing Activities"": ""-333.31"",
    ""Net Cash Flows from / ( Used in ) Financing Activities"": null
  },
  ""Increase / ( Decrease ) in Cash and Cash Equivalents Before Effect of Exchange Rate Changes"": ""44.13"",
  ""Adjustments to Cash and Cash Equivalents"": null,
  ""Net Increase / ( Decrease ) in Cash and Cash Equivalents"": ""44.13"",
  ""Cash and Cash Equivalents at End of Period"": ""429.78""
}",output_csv_page_page_11.csv
Cash Flow - AOC-4 (Rs. Crore),"31 Mar, 2024","{
  ""Cash Flows from / ( Used in ) Operating Activities"": {
    ""Profit Before Tax"": ""626.59"",
    ""Adjustment for Finance Cost and Depreciation"": ""-690.63"",
    ""Adjustments for Current and Non-Current Assets"": ""140.88"",
    ""Adjustments for Current and Non-Current Liabilities"": ""-134.69"",
    ""Other Adjustments in Operating Activities"": ""367.44"",
    ""Net Cash Flows from / ( Used in ) Operating Activities"": null
  },
  ""Cash Flows from / ( Used in ) Investing Activities"": {
    ""Cash Outflow from Purchase of Assets"": ""13.11"",
    ""Cash Inflow from Sale of Assets"": ""20.79"",
    ""Income from Assets"": ""23.97"",
    ""Other Adjustments in Investing Activities"": ""-347.46"",
    ""Net Cash Flows from / ( Used in ) Investing Activities"": null
  },
  ""Cash Flows from / ( Used in ) Financing Activities"": {
    ""Cash Outflow from Repayment of Capital and Borrowings"": null,
    ""Cash Inflow from Raising Capital and Borrowings"": ""188.15"",
    ""Interest and Dividends Paid"": ""286.23"",
    ""Other Adjustments in Financing Activities"": ""-38.41"",
    ""Net Cash Flows from / ( Used in ) Financing Activities"": null
  },
  ""Increase / ( Decrease ) in Cash and Cash Equivalents Before Effect of Exchange Rate Changes"": ""48.44"",
  ""Adjustments to Cash and Cash Equivalents"": null,
  ""Net Increase / ( Decrease ) in Cash and Cash Equivalents"": ""48.44"",
  ""Cash and Cash Equivalents at End of Period"": ""478.22""
}",output_csv_page_page_11.csv
Ratios - AOC-4,"31 Mar, 2022","{
  ""Revenue Growth (%)"": ""23.5"",
  ""Gross Profit Margin (%)"": ""44.9"",
  ""EBITDA Margin (%)"": ""6.4"",
  ""Net Margin (%)"": ""2.5"",
  ""Return on Equity (%)"": ""3.0"",
  ""Return on Capital Employed (%)"": ""3.0"",
  ""Debt Ratio"": ""0.2"",
  ""Debt / Equity"": ""0.3"",
  ""Interest Coverage Ratio"": ""2.2"",
  ""Current Ratio"": ""1.2"",
  ""Quick Ratio"": ""0.7"",
  ""Inventory / Sales (Days)"": ""82"",
  ""Debtors / Sales (Days)"": ""77"",
  ""Payables / Sales (Days)"": ""69"",
  ""Cash Conversion Cycle (Days)"": ""90"",
  ""Sales / Net Fixed Assets"": ""3.6""
}",output_csv_page_page_11.csv
Ratios - AOC-4,"31 Mar, 2023","{
  ""Revenue Growth (%)"": ""18.1"",
  ""Gross Profit Margin (%)"": ""45.6"",
  ""EBITDA Margin (%)"": ""6.2"",
  ""Net Margin (%)"": ""0.9"",
  ""Return on Equity (%)"": ""1.2"",
  ""Return on Capital Employed (%)"": ""3.1"",
  ""Debt Ratio"": ""0.1"",
  ""Debt / Equity"": ""0.3"",
  ""Interest Coverage Ratio"": ""1.9"",
  ""Current Ratio"": ""1.2"",
  ""Quick Ratio"": ""0.8"",
  ""Inventory / Sales (Days)"": ""72"",
  ""Debtors / Sales (Days)"": ""71"",
  ""Payables / Sales (Days)"": ""74"",
  ""Cash Conversion Cycle (Days)"": ""69"",
  ""Sales / Net Fixed Assets"": ""3.8""
}",output_csv_page_page_11.csv
Ratios - AOC-4,"31 Mar, 2024","{
  ""Revenue Growth (%)"": ""10.7"",
  ""Gross Profit Margin (%)"": ""48.1"",
  ""EBITDA Margin (%)"": ""7.0"",
  ""Net Margin (%)"": ""3.6"",
  ""Return on Equity (%)"": ""3.9"",
  ""Return on Capital Employed (%)"": ""4.3"",
  ""Debt Ratio"": ""0.1"",
  ""Debt / Equity"": ""0.2"",
  ""Interest Coverage Ratio"": ""2.9"",
  ""Current Ratio"": ""1.1"",
  ""Quick Ratio"": ""0.7"",
  ""Inventory / Sales (Days)"": ""68"",
  ""Debtors / Sales (Days)"": ""70"",
  ""Payables / Sales (Days)"": ""76"",
  ""Cash Conversion Cycle (Days)"": ""62"",
  ""Sales / Net Fixed Assets"": ""3.8""
}",output_csv_page_page_11.csv
GODREJ AND BOYCE MANUFACTURING COMPANY LIMITED,Standalone,"{
  ""2024"": {
    ""Auditor(s) - Standalone"": {
      ""FARHAD MARZBAN BHESANIA"": {
        ""Membership Number"": ""127355"",
        ""KALYANIWALLA & MISTRY LLP"": {
          ""Registration Number"": ""104607W/W100166"",
          ""PAN (of firm or auditor)"": ""AAAFK7554R"",
          ""Address (of firm or auditor)"": ""ESPLANADE HOUSE,PLOT NO 29, 2NDFLOOR,MUMBAI CITY,HAZARIMAL, SOMANIMARG,FORT, MUMBAI,MAHARASHTRA 400001""
        }
      }
    },
    ""2023"": {
      ""Auditor(s) - Standalone"": {
        ""FARHAD MARZBAN BHESANIA"": {
          ""Membership Number"": ""127355"",
          ""KALYANIWALLA & MISTRY LLP"": {
            ""Registration Number"": ""104607W/W100166"",
            ""PAN (of firm or auditor)"": ""AAAFK7554R"",
            ""Address (of firm or auditor)"": ""ESPLANADE HOUSE, PLOT NO 29, 2ND FLOOR,MUMBAI CITY, HAZARIMAL, SOMANI MARG,FORT, MUMBAI, MAHARASHTRA 400001""
          }
        }
      }
    },
    ""2022"": {
      ""Auditor(s) - Standalone"": {
        ""JAIN NARESH KUMAR"": {
          ""Membership Number"": ""045474"",
          ""DELOITTE HASKINS & SELLS LLP"": {
            ""Registration Number"": ""117366W/W100018"",
            ""PAN (of firm or auditor)"": ""ACXPJ7306H"",
            ""Address (of firm or auditor)"": ""MUMBAI""
          }
        }
      }
    },
    ""2021"": {
      ""Auditor(s) - Standalone"": {
        ""JAIN NARESH KUMAR"": {
          ""Membership Number"": ""045474"",
          ""DELOITTE HASKINS & SELLS LLP"": {
            ""Registration Number"": ""117366W/W100018"",
            ""PAN (of firm or auditor)"": ""ACXPJ7306H"",
            ""Address (of firm or auditor)"": ""MUMBAI""
          }
        }
      }
    },
    ""2020"": {
      ""Auditor(s) - Standalone"": {
        ""JAIN NARESH KUMAR"": {
          ""Membership Number"": ""045474"",
          ""DELOITTE HASKINS & SELLS LLP"": {
            ""Registration Number"": ""117366W/W100018"",
            ""PAN (of firm or auditor)"": ""ACXPJ7306H"",
            ""Address (of firm or auditor)"": ""MUMBAI""
          }
        }
      }
    },
    ""2019"": {
      ""Auditor(s) - Standalone"": {
        ""SHYAMAK RAMYAR TATA"": {
          ""Membership Number"": ""038320"",
          ""DELOITTE HASKINS & SELLS LLP"": {
            ""Registration Number"": ""117366W/W100018"",
            ""PAN (of firm or auditor)"": ""AACFD4815A"",
            ""Address (of firm or auditor)"": ""INDIABULLS""
          }
        }
      }
    },
    ""2018"": {
      ""Auditor(s) - Standalone"": {
        ""SHYAMAK RAMYAR TATA"": {
          ""Membership Number"": ""038320"",
          ""DELOITTE HASKINS & SELLS LLP"": {
            ""Registration Number"": ""117366W/W100018"",
            ""PAN (of firm or auditor)"": ""AACFD4815A"",
            ""Address (of firm or auditor)"": ""INDIABULLS""
          }
        }
      }
    },
    ""2017"": {
      ""Auditor(s) - Standalone"": {
        ""IRANI ERMIN KEKI"": {
          ""Membership Number"": ""035646"",
          ""KALYANIWALLA & MISTRY LLP"": {
            ""Registration Number"": ""104607W"",
            ""PAN (of firm or auditor)"": ""AAAFK7554R"",
            ""Address (of firm or auditor)"": ""MUMBAI""
          }
        }
      }
    },
    ""2016"": {
      ""Auditor(s) - Standalone"": {
        ""IRANI ERMIN KEKI"": {
          ""Membership Number"": ""035646"",
          ""KALYANIWALLA & MISTRY LLP"": {
            ""Registration Number"": ""104607W"",
            ""PAN (of firm or auditor)"": ""AAAFK7554R"",
            ""Address (of firm or auditor)"": ""MUMBAI""
          }
        }
      }
    },
    ""2015"": {
      ""Auditor(s) - Standalone"": {
        ""IRANI ERMIN KEKI"": {
          ""Membership Number"": ""035646"",
          ""KALYANIWALLA & MISTRY LLP"": {
            ""Registration Number"": ""104607W"",
            ""PAN (of firm or auditor)"": ""AAAFK7554R"",
            ""Address (of firm or auditor)"": ""MUMBAI""
          }
        }
      }
    }
  }
}",output_csv_page_page_12.csv
GODREJ AND BOYCE MANUFACTURING COMPANY LIMITED,Consolidated,"{
  ""2024"": {
    ""Auditor(s) - Consolidated"": {
      ""FARHAD MARZBAN BHESANIA"": {
        ""Membership Number"": ""127355"",
        ""KALYANIWALLA & MISTRY LLP"": {
          ""Registration Number"": ""104607W/W100166"",
          ""PAN (of firm or auditor)"": ""AAAFK7554R"",
          ""Address (of firm or auditor)"": ""KALYANIWALLA & MISTRY LLP, CHARTERED ACCOUNTANTS, ESPLANADE HOUSE, 2ND FLOOR, 29, HAZARIMAL SOMANI MARG FORT, MUMBAI 400001""
        }
      }
    },
    ""2023"": {
      ""Auditor(s) - Consolidated"": {
        ""FARHAD MARZBAN BHESANIA"": {
          ""Membership Number"": ""127355"",
          ""KALYANIWALLA & MISTRY LLP"": {
            ""Registration Number"": ""104607W/W100166"",
            ""PAN (of firm or auditor)"": ""AAAFK7554R"",
            ""Address (of firm or auditor)"": ""KALYANIWALLA & MISTRY LLP, CHARTERED ACCOUNTANTS, ESPLANADE HOUSE, 2ND FLOOR, 29, HAZARIMAL SOMANI MARG FORT, MUMBAI 400001""
          }
        }
      }
    },
    ""2022"": {
      ""Auditor(s) - Consolidated"": {
        ""JAIN NARESH KUMAR"": {
          ""Membership Number"": ""045474"",
          ""DELOITTE HASKINS & SELLS LLP"": {
            ""Registration Number"": ""117366W/W100018"",
            ""PAN (of firm or auditor)"": ""AACFD4815A"",
            ""Address (of firm or auditor)"": ""LOTUS CORPORATE PARK MUMBAI""
          }
        }
      }
    },
    ""2021"": {
      ""Auditor(s) - Consolidated"": {
        ""JAIN NARESH KUMAR"": {
          ""Membership Number"": ""045474"",
          ""DELOITTE HASKINS & SELLS LLP"": {
            ""Registration Number"": ""117366W/W100018"",
            ""PAN (of firm or auditor)"": ""AACFD4815A"",
            ""Address (of firm or auditor)"": ""INDIABULLS MUMBAI""
          }
        }
      }
    },
    ""2020"": {
      ""Auditor(s) - Consolidated"": {
        ""JAIN NARESH KUMAR"": {
          ""Membership Number"": ""045474"",
          ""DELOITTE HASKINS & SELLS LLP"": {
            ""Registration Number"": ""117366W/W100018"",
            ""PAN (of firm or auditor)"": ""AACFD4815A"",
            ""Address (of firm or auditor)"": ""INDIABULLS MUMBAI""
          }
        }
      }
    },
    ""2019"": {
      ""Auditor(s) - Consolidated"": {
        ""SHYAMAK RAMYAR TATA"": {
          ""Membership Number"": ""038320"",
          ""DELOITTE HASKINS & SELLS LLP"": {
            ""Registration Number"": ""117366W/W100018"",
            ""PAN (of firm or auditor)"": ""AACFD4815A"",
            ""Address (of firm or auditor)"": ""INDIABULLS MUMBAI""
          }
        }
      }
    },
    ""2018"": {
      ""Auditor(s) - Consolidated"": {
        ""SHYAMAK RAMYAR TATA"": {
          ""Membership Number"": ""038320"",
          ""DELOITTE HASKINS & SELLS LLP"": {
            ""Registration Number"": ""117366W/W100018"",
            ""PAN (of firm or auditor)"": ""AACFD4815A"",
            ""Address (of firm or auditor)"": ""INDIABULLS MUMBAI""
          }
        }
      }
    },
    ""2017"": {
      ""Auditor(s) - Consolidated"": {
        ""IRANI ERMIN KEKI"": {
          ""Membership Number"": ""035646"",
          ""KALYANIWALLA & MISTRY LLP"": {
            ""Registration Number"": ""104607W/W100166"",
            ""PAN (of firm or auditor)"": ""AAAFK7554R"",
            ""Address (of firm or auditor)"": ""MUMBAI""
          }
        }
      }
    },
    ""2016"": {
      ""Auditor(s) - Consolidated"": {
        ""IRANI ERMIN KEKI"": {
          ""Membership Number"": ""035646"",
          ""KALYANIWALLA & MISTRY LLP"": {
            ""Registration Number"": ""104607W"",
            ""PAN (of firm or auditor)"": ""AAAFK7554R"",
            ""Address (of firm or auditor)"": ""MUMBAI""
          }
        }
      }
    },
    ""2015"": {
      ""Auditor(s) - Consolidated"": {
        ""IRANI ERMIN KEKI"": {
          ""Membership Number"": ""035646"",
          ""KALYANIWALLA & MISTRY LLP"": {
            ""Registration Number"": ""104607W"",
            ""PAN (of firm or auditor)"": ""AAAFK7554R"",
            ""Address (of firm or auditor)"": ""MUMBAI""
          }
        }
      }
    }
  }
}",output_csv_page_page_12.csv
GODREJ AND BOYCE MANUFACTURING COMPANY LIMITED,"31 Mar, 2022","{
  ""Financial Parameters"": {
    ""Income in foreign currency"": ""827.06"",
    ""Expense in foreign currency"": null,
    ""Employee benefit expense"": ""1,329.09"",
    ""Number of employees"": null,
    ""Gross value of the transaction with the related parties as per AS-18"": ""0.00"",
    ""Gross fixed assets (including intangible assets)"": ""5,246.13"",
    ""Trade receivables exceeding six months"": null,
    ""Proposed dividend"": ""No"",
    ""Prescribed CSR expenditure"": ""5.19"",
    ""Total amount spent on CSR for the financial year"": ""5.25""
  }
}",output_csv_page_page_13.csv
GODREJ AND BOYCE MANUFACTURING COMPANY LIMITED,"31 Mar, 2023","{
  ""Financial Parameters"": {
    ""Income in foreign currency"": ""1,050.57"",
    ""Expense in foreign currency"": null,
    ""Employee benefit expense"": ""1,284.49"",
    ""Number of employees"": null,
    ""Gross value of the transaction with the related parties as per AS-18"": ""0.00"",
    ""Gross fixed assets (including intangible assets)"": ""6,006.89"",
    ""Trade receivables exceeding six months"": null,
    ""Proposed dividend"": ""No"",
    ""Prescribed CSR expenditure"": ""6.69"",
    ""Total amount spent on CSR for the financial year"": ""6.84""
  }
}",output_csv_page_page_13.csv
GODREJ AND BOYCE MANUFACTURING COMPANY LIMITED,"31 Mar, 2024","{
  ""Financial Parameters"": {
    ""Income in foreign currency"": ""1,860.75"",
    ""Expense in foreign currency"": null,
    ""Employee benefit expense"": ""1,309.33"",
    ""Number of employees"": null,
    ""Gross value of the transaction with the related parties as per AS-18"": ""1,161.03"",
    ""Gross fixed assets (including intangible assets)"": ""6,420.15"",
    ""Trade receivables exceeding six months"": null,
    ""Proposed dividend"": ""Yes"",
    ""Prescribed CSR expenditure"": ""5.97"",
    ""Total amount spent on CSR for the financial year"": ""6.23""
  }
}",output_csv_page_page_13.csv
"GODREJ AND BOYCE MANUFACTURING COMPANY LIMITED - Related Party Transactions - FY Ending On 31 Mar, 2024",Revenue,"{
  ""VEROMATIC INTERNATIONAL BV"": ""11,237,900.00""
}",output_csv_page_page_14.csv
"GODREJ AND BOYCE MANUFACTURING COMPANY LIMITED - Related Party Transactions - FY Ending On 31 Mar, 2024",Expense,"{
  ""VEROMATIC INTERNATIONAL BV"": ""799,842.00""
}",output_csv_page_page_14.csv
"GODREJ AND BOYCE MANUFACTURING COMPANY LIMITED - Related Party Transactions - FY Ending On 31 Mar, 2024",Others,"{
  ""VEROMATIC INTERNATIONAL BV"": ""309,851,105.00""
}",output_csv_page_page_14.csv
GODREJ AND BOYCE MANUFACTURING COMPANY LIMITED,MSME Supplier Payment Delays - April to September 2024,"{
  ""Total Amount Due (INR)"": {
    ""Amount Due (Rs. INR)"": ""39,252,438.69""
  },
  ""Supplier Name"": {
    ""3D CONCEPT ANALYSIS & DEVELOPMENT"": {
      ""PAN"": ""AAACZ3259R"",
      ""Amount Due (Rs. INR)"": ""5,910,502.86""
    },
    ""A V FORGING S"": {
      ""PAN"": ""AAFFA1399B"",
      ""Amount Due (Rs. INR)"": ""24,324.19""
    },
    ""AB CARTRIDGE PVT LTD"": {
      ""PAN"": ""AAGCA6455N"",
      ""Amount Due (Rs. INR)"": ""1,011.50""
    },
    ""AEROAID S CORPORATION"": {
      ""PAN"": ""AABFA1883E"",
      ""Amount Due (Rs. INR)"": ""60,770.00""
    },
    ""AHURA MAZDA MFG CO PVT LTD"": {
      ""PAN"": ""AABCA8284E"",
      ""Amount Due (Rs. INR)"": ""5,698.10""
    },
    ""AIRVISION TECHNOLOGIES PVT LTD"": {
      ""PAN"": ""AAFCA9802Q"",
      ""Amount Due (Rs. INR)"": ""6,988.00""
    },
    ""ALLARCH (I) PVT LTD"": {
      ""PAN"": ""AAFCA1376B"",
      ""Amount Due (Rs. INR)"": ""337,905.35""
    },
    ""AMBETRONICS ENGINEERS PVT LTD"": {
      ""PAN"": ""AAHCA0780B"",
      ""Amount Due (Rs. INR)"": ""28,586.00""
    },
    ""AMRUT ENTERPRISES"": {
      ""PAN"": ""AAGPM3869D"",
      ""Amount Due (Rs. INR)"": ""346,436.00""
    },
    ""ANUKOOL (I) PVT LTD"": {
      ""PAN"": ""AAFCA3985J"",
      ""Amount Due (Rs. INR)"": ""24,638.00""
    },
    ""ANVIN ENGINEERS PVT LTD"": {
      ""PAN"": ""AAICA2677E"",
      ""Amount Due (Rs. INR)"": ""249,948.00""
    },
    ""ARDOR FIRE & SAFETY SYSTEMS"": {
      ""PAN"": ""AAAPR9870K"",
      ""Amount Due (Rs. INR)"": ""32,588.40""
    },
    ""ARL ENTERPRISES"": {
      ""PAN"": ""AAHHN5441F"",
      ""Amount Due (Rs. INR)"": ""51,027.38""
    },
    ""AZAD ENGINEERING PVT LTD"": {
      ""PAN"": ""AAECA9452H"",
      ""Amount Due (Rs. INR)"": ""1,909,881.19""
    },
    ""B J ENTERPRISES"": {
      ""PAN"": ""AAIFB5724G"",
      ""Amount Due (Rs. INR)"": ""356,951.25""
    },
    ""BALAJI ELECTRICAL & CONDUIT"": {
      ""PAN"": ""AAECB6556F"",
      ""Amount Due (Rs. INR)"": ""88,750.00""
    },
    ""BRITE PAPER PRODUCTS"": {
      ""PAN"": ""AAHFB6201F"",
      ""Amount Due (Rs. INR)"": ""111,518.43""
    },
    ""BSH ELECTRICALS PVT LTD"": {
      ""PAN"": ""AAECB5415H"",
      ""Amount Due (Rs. INR)"": ""51,007.80""
    },
    ""CABLE NET"": {
      ""PAN"": ""AADFC9999B"",
      ""Amount Due (Rs. INR)"": ""603,173.00""
    },
    ""CHANDIGARH FIRE & SAFETY EQUIPMENTS"": {
      ""PAN"": ""AAACF9109Q"",
      ""Amount Due (Rs. INR)"": ""18,786.94""
    },
    ""CONSOLIDATED CARPET INDUSTRIES LTD"": {
      ""PAN"": ""AAACC3268K"",
      ""Amount Due (Rs. INR)"": ""637.07""
    },
    ""CREATIVE COMPONENTS PVT LTD"": {
      ""PAN"": ""AACCC5539M"",
      ""Amount Due (Rs. INR)"": ""117,326.22""
    },
    ""CREATIVE ENGINEERS"": {
      ""PAN"": ""AAJPK9171H"",
      ""Amount Due (Rs. INR)"": ""1,334.58""
    },
    ""CS COMPONENTS PVT LTD"": {
      ""PAN"": ""AABCC6009P"",
      ""Amount Due (Rs. INR)"": ""459,360.00""
    },
    ""D K HOSPITALITY PVT LTD"": {
      ""PAN"": ""AABCD9618D"",
      ""Amount Due (Rs. INR)"": ""276,126.12""
    },
    ""D N RUBBER INDUSTRIES"": {
      ""PAN"": ""AOFPS4113P"",
      ""Amount Due (Rs. INR)"": ""69,158.48""
    },
    ""DIAMOND BUILDING CONCEPT PVT LTD"": {
      ""PAN"": ""AADCD4456H"",
      ""Amount Due (Rs. INR)"": ""89,940.34""
    },
    ""DR. SARUP'S PEST CONTROL PVT LTD"": {
      ""PAN"": ""AABCD1117F"",
      ""Amount Due (Rs. INR)"": ""23,547.60""
    },
    ""DURACON CEMENT PRODUCT PVT LTD"": {
      ""PAN"": ""AACCD6942R"",
      ""Amount Due (Rs. INR)"": ""13,640.00""
    },
    ""DUROCRETE ENGINEERING SERVICES"": {
      ""PAN"": ""AABCD2992C"",
      ""Amount Due (Rs. INR)"": ""64,206.00""
    },
    ""EGO WALL DECOR PVT LTD"": {
      ""PAN"": ""AABCE9504B"",
      ""Amount Due (Rs. INR)"": ""421.88""
    },
    ""ELECTRONICS DEVICES WORLD WIDE"": {
      ""PAN"": ""AACCE9553H"",
      ""Amount Due (Rs. INR)"": ""1,219,994.38""
    },
    ""ELINA SOLUTIONS PVT LTD"": {
      ""PAN"": ""AABCE2771L"",
      ""Amount Due (Rs. INR)"": ""178,006.25""
    },
    ""ENERTECH UPS PVT LTD"": {
      ""PAN"": ""AAACE6766A"",
      ""Amount Due (Rs. INR)"": ""275,000.00""
    },
    ""ENRICO ENTERPRISES"": {
      ""PAN"": ""AAAFE4961A"",
      ""Amount Due (Rs. INR)"": ""73,750.00""
    }
  }
}",output_csv_page_page_15.csv
GODREJ AND BOYCE MANUFACTURING COMPANY LIMITED,Supplier Name,"{
  ""PAN"": ""AABFF4547L"",
  ""Amount Due (Rs. INR)"": ""69,984.00""
}",output_csv_page_page_16.csv
GODREJ AND BOYCE MANUFACTURING COMPANY LIMITED,FOMO,"{
  ""PAN"": ""AABCF3560H"",
  ""Amount Due (Rs. INR)"": ""87,663.00""
}",output_csv_page_page_16.csv
GODREJ AND BOYCE MANUFACTURING COMPANY LIMITED,FORWAR D MANUFA CTURING CO PVT LTD,"{
  ""PAN"": ""AAACF3560H"",
  ""Amount Due (Rs. INR)"": ""87,663.00""
}",output_csv_page_page_16.csv
GODREJ AND BOYCE MANUFACTURING COMPANY LIMITED,GADARK LAB PVT LTD,"{
  ""PAN"": ""AABCG3492Q"",
  ""Amount Due (Rs. INR)"": ""7,803.00""
}",output_csv_page_page_16.csv
GODREJ AND BOYCE MANUFACTURING COMPANY LIMITED,GANPATI LAM & PLY PVT LTD,"{
  ""PAN"": ""AACCG7626H"",
  ""Amount Due (Rs. INR)"": ""215,261.05""
}",output_csv_page_page_16.csv
GODREJ AND BOYCE MANUFACTURING COMPANY LIMITED,GEO DESIGNS & RESEARC H PVT LTD,"{
  ""PAN"": ""AADCG0367L"",
  ""Amount Due (Rs. INR)"": ""7,979.94""
}",output_csv_page_page_16.csv
GODREJ AND BOYCE MANUFACTURING COMPANY LIMITED,GOEL POWER CONTRO LS PVT LTD,"{
  ""PAN"": ""AAACG4619G"",
  ""Amount Due (Rs. INR)"": ""391,984.29""
}",output_csv_page_page_16.csv
GODREJ AND BOYCE MANUFACTURING COMPANY LIMITED,GRAVITY INDIA TECHNOL OGIES PVT LTD,"{
  ""PAN"": ""AABCG0535C"",
  ""Amount Due (Rs. INR)"": ""102,647.24""
}",output_csv_page_page_16.csv
GODREJ AND BOYCE MANUFACTURING COMPANY LIMITED,HARI OM REFRIGE RATION CO,"{
  ""PAN"": ""AAAPL3157D"",
  ""Amount Due (Rs. INR)"": ""418,629.31""
}",output_csv_page_page_16.csv
GODREJ AND BOYCE MANUFACTURING COMPANY LIMITED,HYDAX HYDRAU LICS PVT LTD,"{
  ""PAN"": ""AAACH3724R"",
  ""Amount Due (Rs. INR)"": ""270,483.55""
}",output_csv_page_page_16.csv
GODREJ AND BOYCE MANUFACTURING COMPANY LIMITED,ICEM ENGINEE RING CO PVT LTD,"{
  ""PAN"": ""AAACI6282M"",
  ""Amount Due (Rs. INR)"": ""813,400.00""
}",output_csv_page_page_16.csv
GODREJ AND BOYCE MANUFACTURING COMPANY LIMITED,INDUSTR IAL SALES AGENCIE S,"{
  ""PAN"": ""AAAFI0647K"",
  ""Amount Due (Rs. INR)"": ""39,371.64""
}",output_csv_page_page_16.csv
GODREJ AND BOYCE MANUFACTURING COMPANY LIMITED,INNER SPACE,"{
  ""PAN"": ""AADPG1406F"",
  ""Amount Due (Rs. INR)"": ""20,000.20""
}",output_csv_page_page_16.csv
GODREJ AND BOYCE MANUFACTURING COMPANY LIMITED,INTERNA TIONAL INDUSTR IAL SPRINGS,"{
  ""PAN"": ""AAAFI0815P"",
  ""Amount Due (Rs. INR)"": ""2,759.74""
}",output_csv_page_page_16.csv
GODREJ AND BOYCE MANUFACTURING COMPANY LIMITED,J K INDUSTR IES,"{
  ""PAN"": ""AAAPW6191L"",
  ""Amount Due (Rs. INR)"": ""480,168.00""
}",output_csv_page_page_16.csv
GODREJ AND BOYCE MANUFACTURING COMPANY LIMITED,JOSEPH LESLIE & COMPAN Y LLP,"{
  ""PAN"": ""AAHFJ7149Q"",
  ""Amount Due (Rs. INR)"": ""7,132.14""
}",output_csv_page_page_16.csv
GODREJ AND BOYCE MANUFACTURING COMPANY LIMITED,KAMAL PRODUC TS,"{
  ""PAN"": ""AABPP1716H"",
  ""Amount Due (Rs. INR)"": ""7,433.59""
}",output_csv_page_page_16.csv
GODREJ AND BOYCE MANUFACTURING COMPANY LIMITED,KARANJA WALA ASSOCIA TES (ENGINE ERS),"{
  ""PAN"": ""AADCK4952D"",
  ""Amount Due (Rs. INR)"": ""18,197.10""
}",output_csv_page_page_16.csv
GODREJ AND BOYCE MANUFACTURING COMPANY LIMITED,KAYGEE FOAM PVT LTD,"{
  ""PAN"": ""AAACK8696B"",
  ""Amount Due (Rs. INR)"": ""604,449.72""
}",output_csv_page_page_16.csv
GODREJ AND BOYCE MANUFACTURING COMPANY LIMITED,KBI FIRE & SECURITY PVT LTD,"{
  ""PAN"": ""AAFCK6146H"",
  ""Amount Due (Rs. INR)"": ""423,354.07""
}",output_csv_page_page_16.csv
GODREJ AND BOYCE MANUFACTURING COMPANY LIMITED,KEWALS ON,"{
  ""PAN"": ""AAAFK4440L"",
  ""Amount Due (Rs. INR)"": ""6,413.42""
}",output_csv_page_page_16.csv
GODREJ AND BOYCE MANUFACTURING COMPANY LIMITED,KIRAN UDYOG,"{
  ""PAN"": ""AADFK0868P"",
  ""Amount Due (Rs. INR)"": ""54,839.00""
}",output_csv_page_page_16.csv
GODREJ AND BOYCE MANUFACTURING COMPANY LIMITED,KNR ENGINEE RS (INDIA) PVT LTD,"{
  ""PAN"": ""AADCK3195N"",
  ""Amount Due (Rs. INR)"": ""95,000.00""
}",output_csv_page_page_16.csv
GODREJ AND BOYCE MANUFACTURING COMPANY LIMITED,KONARK METAL PRODUC TS PVT LTD,"{
  ""PAN"": ""AAACK5474H"",
  ""Amount Due (Rs. INR)"": ""35,366.22""
}",output_csv_page_page_16.csv
GODREJ AND BOYCE MANUFACTURING COMPANY LIMITED,KWALITY AIR-TECH ENGG PVT LTD,"{
  ""PAN"": ""AACCK7905K"",
  ""Amount Due (Rs. INR)"": ""66,275.30""
}",output_csv_page_page_16.csv
GODREJ AND BOYCE MANUFACTURING COMPANY LIMITED,LAMCO INDUSTR IES PVT LTD,"{
  ""PAN"": ""AAACL3464A"",
  ""Amount Due (Rs. INR)"": ""259,517.82""
}",output_csv_page_page_16.csv
GODREJ AND BOYCE MANUFACTURING COMPANY LIMITED,M B GRAPHIC S,"{
  ""PAN"": ""AAIPB8866F"",
  ""Amount Due (Rs. INR)"": ""7,257.00""
}",output_csv_page_page_16.csv
GODREJ AND BOYCE MANUFACTURING COMPANY LIMITED,MAHAVI R ENTERPR ISES,"{
  ""PAN"": ""AACPM3811H"",
  ""Amount Due (Rs. INR)"": ""4,894.12""
}",output_csv_page_page_16.csv
GODREJ AND BOYCE MANUFACTURING COMPANY LIMITED,MARSHA LLS ENTERPR ISE (I) PVT LTD,"{
  ""PAN"": ""AAFCM2370K"",
  ""Amount Due (Rs. INR)"": ""30,299.32""
}",output_csv_page_page_16.csv
GODREJ AND BOYCE MANUFACTURING COMPANY LIMITED,MASER ELECTRO NICS PVT LTD,"{
  ""PAN"": ""AAACM5014B"",
  ""Amount Due (Rs. INR)"": ""3,480.00""
}",output_csv_page_page_16.csv
GODREJ AND BOYCE MANUFACTURING COMPANY LIMITED,MASS TECH CONTRO LS PVT LTD,"{
  ""PAN"": ""AAACM2800M"",
  ""Amount Due (Rs. INR)"": ""419,777.00""
}",output_csv_page_page_16.csv
GODREJ AND BOYCE MANUFACTURING COMPANY LIMITED,MASTER AUTOMA TION & ROBOTIC S PVT,"{
  ""PAN"": ""AABCA5180H"",
  ""Amount Due (Rs. INR)"": ""500,000.00""
}",output_csv_page_page_16.csv
GODREJ AND BOYCE MANUFACTURING COMPANY LIMITED,MASTER TOOLS CENTRE,"{
  ""PAN"": ""AAEFM6341E"",
  ""Amount Due (Rs. INR)"": ""2,357.64""
}",output_csv_page_page_16.csv
GODREJ AND BOYCE MANUFACTURING COMPANY LIMITED,MAZDA ENTERPR ISES,"{
  ""PAN"": ""AAGFM3697M"",
  ""Amount Due (Rs. INR)"": ""845,209.14""
}",output_csv_page_page_16.csv
GODREJ AND BOYCE MANUFACTURING COMPANY LIMITED,MECH- TECH INDUSTR IES,"{
  ""PAN"": ""AACPD9855C"",
  ""Amount Due (Rs. INR)"": ""198,136.42""
}",output_csv_page_page_16.csv
GODREJ AND BOYCE MANUFACTURING COMPANY LIMITED,METCO CREATIO NS,"{
  ""PAN"": ""AADPM0421G"",
  ""Amount Due (Rs. INR)"": ""41,458.66""
}",output_csv_page_page_16.csv
GODREJ AND BOYCE MANUFACTURING COMPANY LIMITED,MGR FABRICA TORS PVT LTD,"{
  ""AAICM9203G"": {
    ""Amount Due (Rs. INR)"": ""2,794,775.80""
  }
}",output_csv_page_page_17.csv
GODREJ AND BOYCE MANUFACTURING COMPANY LIMITED,MICRO SUPREM E AUTO IND (I) PVT LTD,"{
  ""AAECM4242K"": {
    ""Amount Due (Rs. INR)"": ""77,068.66""
  }
}",output_csv_page_page_17.csv
GODREJ AND BOYCE MANUFACTURING COMPANY LIMITED,NADHI INFORM ATION TECHNOL OGIES,"{
  ""AACCN8738M"": {
    ""Amount Due (Rs. INR)"": ""54.12""
  }
}",output_csv_page_page_17.csv
GODREJ AND BOYCE MANUFACTURING COMPANY LIMITED,NATIONA L ENGINEE RING INDUSTR IES,"{
  ""AAAFN2944A"": {
    ""Amount Due (Rs. INR)"": ""17,110.00""
  }
}",output_csv_page_page_17.csv
GODREJ AND BOYCE MANUFACTURING COMPANY LIMITED,NAUTILU S AQUASYS TEMS,"{
  ""AAIPR8067L"": {
    ""Amount Due (Rs. INR)"": ""14,391.00""
  }
}",output_csv_page_page_17.csv
GODREJ AND BOYCE MANUFACTURING COMPANY LIMITED,NEW INDIA TRADING COMPAN Y,"{
  ""AAAPD7594C"": {
    ""Amount Due (Rs. INR)"": ""30,049.36""
  }
}",output_csv_page_page_17.csv
GODREJ AND BOYCE MANUFACTURING COMPANY LIMITED,NEWKEM ENGINEE RS PVT LTD,"{
  ""AAACN1541J"": {
    ""Amount Due (Rs. INR)"": ""301,493.80""
  }
}",output_csv_page_page_17.csv
GODREJ AND BOYCE MANUFACTURING COMPANY LIMITED,NSA BUILDTE CH PVT LTD,"{
  ""AADCN6954C"": {
    ""Amount Due (Rs. INR)"": ""14,577.00""
  }
}",output_csv_page_page_17.csv
GODREJ AND BOYCE MANUFACTURING COMPANY LIMITED,OASIS CONNEC TIVITY PVT LTD,"{
  ""AACCO2946G"": {
    ""Amount Due (Rs. INR)"": ""172,601.26""
  }
}",output_csv_page_page_17.csv
GODREJ AND BOYCE MANUFACTURING COMPANY LIMITED,OASIS WFS PRIVATE LIMITED,"{
  ""AABCO6540R"": {
    ""Amount Due (Rs. INR)"": ""193,089.07""
  }
}",output_csv_page_page_17.csv
GODREJ AND BOYCE MANUFACTURING COMPANY LIMITED,OBLUM ELECTRIC AL INDUSTR IES PVT LTD,"{
  ""AAACO2289A"": {
    ""Amount Due (Rs. INR)"": ""29,700.00""
  }
}",output_csv_page_page_17.csv
GODREJ AND BOYCE MANUFACTURING COMPANY LIMITED,OM TECHNIC AL SOLUTIO NS,"{
  ""AACPD8003E"": {
    ""Amount Due (Rs. INR)"": ""951,250.00""
  }
}",output_csv_page_page_17.csv
GODREJ AND BOYCE MANUFACTURING COMPANY LIMITED,OMICRO N SENSING PVT LTD,"{
  ""AABCO5632L"": {
    ""Amount Due (Rs. INR)"": ""7,727.40""
  }
}",output_csv_page_page_17.csv
GODREJ AND BOYCE MANUFACTURING COMPANY LIMITED,ORCHIDS ETC,"{
  ""AABPD2644J"": {
    ""Amount Due (Rs. INR)"": ""1,691.00""
  }
}",output_csv_page_page_17.csv
GODREJ AND BOYCE MANUFACTURING COMPANY LIMITED,P D JAIN AND BROS,"{
  ""AAGFM4787J"": {
    ""Amount Due (Rs. INR)"": ""28,305.26""
  }
}",output_csv_page_page_17.csv
GODREJ AND BOYCE MANUFACTURING COMPANY LIMITED,PANASIA ENGINEE RS PVT LTD,"{
  ""AAACP9095K"": {
    ""Amount Due (Rs. INR)"": ""4,926.24""
  }
}",output_csv_page_page_17.csv
GODREJ AND BOYCE MANUFACTURING COMPANY LIMITED,PATIL INDUSTR IES,"{
  ""AAGPP8213Q"": {
    ""Amount Due (Rs. INR)"": ""167,099.58""
  }
}",output_csv_page_page_17.csv
GODREJ AND BOYCE MANUFACTURING COMPANY LIMITED,PCI ANALYTI CS PVT LTD,"{
  ""AAECP1826E"": {
    ""Amount Due (Rs. INR)"": ""5,015,175.87""
  }
}",output_csv_page_page_17.csv
GODREJ AND BOYCE MANUFACTURING COMPANY LIMITED,PENTAG ON EL MECH SOLUTIO NS PVT LTD,"{
  ""AAFCP4122L"": {
    ""Amount Due (Rs. INR)"": ""115,089.15""
  }
}",output_csv_page_page_17.csv
GODREJ AND BOYCE MANUFACTURING COMPANY LIMITED,POLYHYD RON SYSTEMS PVT LTD,"{
  ""AAACO2261N"": {
    ""Amount Due (Rs. INR)"": ""252,840.00""
  }
}",output_csv_page_page_17.csv
GODREJ AND BOYCE MANUFACTURING COMPANY LIMITED,POOJA PACKAGI NG INDUSTR IES,"{
  ""AAEFP7680D"": {
    ""Amount Due (Rs. INR)"": ""422,855.77""
  }
}",output_csv_page_page_17.csv
GODREJ AND BOYCE MANUFACTURING COMPANY LIMITED,POSITRO NICS PVT LTD,"{
  ""AACCP7866N"": {
    ""Amount Due (Rs. INR)"": ""11,540.60""
  }
}",output_csv_page_page_17.csv
GODREJ AND BOYCE MANUFACTURING COMPANY LIMITED,PRAGATI ELECTRIC ALS PVT LTD,"{
  ""AAACP3897M"": {
    ""Amount Due (Rs. INR)"": ""122,354.00""
  }
}",output_csv_page_page_17.csv
GODREJ AND BOYCE MANUFACTURING COMPANY LIMITED,PRAKASH FABCON & ENGINEE RING,"{
  ""AADCP4046R"": {
    ""Amount Due (Rs. INR)"": ""37,282.00""
  }
}",output_csv_page_page_17.csv
GODREJ AND BOYCE MANUFACTURING COMPANY LIMITED,PRARTH NA MANUFA CTURING PVT LTD,"{
  ""AAFCP7668D"": {
    ""Amount Due (Rs. INR)"": ""3,228.34""
  }
}",output_csv_page_page_17.csv
GODREJ AND BOYCE MANUFACTURING COMPANY LIMITED,PRECICR AFT COMPON ENTS (I) PVT LTD,"{
  ""AADCP0270F"": {
    ""Amount Due (Rs. INR)"": ""30,349.60""
  }
}",output_csv_page_page_17.csv
GODREJ AND BOYCE MANUFACTURING COMPANY LIMITED,PRECISIO N BEARING S PVT LTD,"{
  ""AAACP9205H"": {
    ""Amount Due (Rs. INR)"": ""934.56""
  }
}",output_csv_page_page_17.csv
GODREJ AND BOYCE MANUFACTURING COMPANY LIMITED,PRECITU RN ENGINEE RING PVT LTD,"{
  ""AACCP2643R"": {
    ""Amount Due (Rs. INR)"": ""231,000.00""
  }
}",output_csv_page_page_17.csv
GODREJ AND BOYCE MANUFACTURING COMPANY LIMITED,PROLITE AUTOGL O LTD,"{
  ""AAECP4490L"": {
    ""Amount Due (Rs. INR)"": ""5,192.00""
  }
}",output_csv_page_page_17.csv
GODREJ AND BOYCE MANUFACTURING COMPANY LIMITED,Legal Cases of Financial Dispute,"{
  ""Disposed Original Cases"": {
    ""Amount Payable"": {
      ""Type of Financial Dispute"": ""Recovery From Goods And Services"",
      ""Amount Directed to Pay"": null,
      ""Disallowed Claims"": null,
      ""Decided Cases"": 1,
      ""Other Cases"": null
    },
    ""Amount Receivable"": {
      ""Type of Financial Dispute"": ""Recovery From Goods And Services"",
      ""Amount Entitled to Receive"": null,
      ""Disallowed Claims"": null,
      ""Decided Cases"": 3,
      ""Other Cases"": 3
    },
    ""Cheque Bounce"": {
      ""Type of Financial Dispute"": ""Cheque Bounce"",
      ""Amount Entitled to Receive"": null,
      ""Disallowed Claims"": null,
      ""Decided Cases"": 4,
      ""Other Cases"": null
    },
    ""Total"": {
      ""Amount Payable"": ""INR 5,589,178.81"",
      ""Amount Receivable"": ""INR 10,774,441.00""
    }
  }
}",output_csv_page_page_18.csv
GODREJ AND BOYCE MANUFACTURING COMPANY LIMITED,"31 Mar, 2024","{
  ""Promoter %"": {
    ""Public %"": ""23.21"",
    ""No. of Shareholders"": ""29 [Promoter(s) 27]"",
    ""Total Equity Shares"": ""678,445"",
    ""Total Preference Shares"": ""0"",
    ""Share Holding Pattern"": {
      ""Promoters - 31 Mar, 2024"": {
        ""Category"": {
          ""Equity"": {
            ""Number of Shares"": ""510,507"",
            ""Percentage"": ""75.25""
          },
          ""Preference"": {
            ""Number of Shares"": ""0"",
            ""Percentage"": ""0""
          }
        },
        ""Individual / Hindu Undivided Family"": {
          ""(i) Indian"": {
            ""Number of Shares"": ""510,507"",
            ""Percentage"": ""75.25""
          }
        },
        ""Non-resident Indian (others)"": {
          ""(ii) Non-resident Indian (others)"": {
            ""Number of Shares"": ""10,427"",
            ""Percentage"": ""1.54""
          }
        },
        ""Foreign national (other than NRI)"": {
          ""(iii) Foreign national (other than NRI)"": {
            ""Number of Shares"": ""0"",
            ""Percentage"": ""0.00""
          }
        },
        ""Government"": {
          ""(i) Central Government"": {
            ""Number of Shares"": ""0"",
            ""Percentage"": ""0.00""
          },
          ""(ii) State Government"": {
            ""Number of Shares"": ""0"",
            ""Percentage"": ""0.00""
          },
          ""(iii) Government companies"": {
            ""Number of Shares"": ""0"",
            ""Percentage"": ""0.00""
          }
        },
        ""Insurance companies"": {
          ""Insurance companies"": {
            ""Number of Shares"": ""0"",
            ""Percentage"": ""0.00""
          }
        },
        ""Banks"": {
          ""Banks"": {
            ""Number of Shares"": ""0"",
            ""Percentage"": ""0.00""
          }
        },
        ""Financial institutions"": {
          ""Financial institutions"": {
            ""Number of Shares"": ""0"",
            ""Percentage"": ""0.00""
          }
        },
        ""Foreign institutional investors"": {
          ""Foreign institutional investors"": {
            ""Number of Shares"": ""0"",
            ""Percentage"": ""0.00""
          }
        },
        ""Mutual funds"": {
          ""Mutual funds"": {
            ""Number of Shares"": ""0"",
            ""Percentage"": ""0.00""
          }
        },
        ""Venture capital"": {
          ""Venture capital"": {
            ""Number of Shares"": ""0"",
            ""Percentage"": ""0.00""
          }
        },
        ""Body corporate (not mentioned above)"": {
          ""Body corporate (not mentioned above)"": {
            ""Number of Shares"": ""0"",
            ""Percentage"": ""0.00""
          }
        },
        ""Others"": {
          ""Others"": {
            ""Number of Shares"": ""0"",
            ""Percentage"": ""0.00""
          }
        },
        ""Total"": {
          ""Total"": {
            ""Number of Shares"": ""520,934"",
            ""Percentage"": ""76.79""
          }
        }
      },
      ""Public / Other Than Promoters - 31 Mar, 2024"": {
        ""Category"": {
          ""Equity"": {
            ""Number of Shares"": ""157,500"",
            ""Percentage"": ""23.21""
          },
          ""Preference"": {
            ""Number of Shares"": ""0"",
            ""Percentage"": ""0.00""
          }
        },
        ""Individual / Hindu Undivided Family"": {
          ""(i) Indian"": {
            ""Number of Shares"": ""157,500"",
            ""Percentage"": ""23.21""
          }
        },
        ""Non-resident Indian (others)"": {
          ""(ii) Non-resident Indian (others)"": {
            ""Number of Shares"": ""0"",
            ""Percentage"": ""0.00""
          }
        },
        ""Foreign national (other than NRI)"": {
          ""(iii) Foreign national (other than NRI)"": {
            ""Number of Shares"": ""0"",
            ""Percentage"": ""0.00""
          }
        },
        ""Government"": {
          ""(i) Central Government"": {
            ""Number of Shares"": ""0"",
            ""Percentage"": ""0.00""
          },
          ""(ii) State Government"": {
            ""Number of Shares"": ""0"",
            ""Percentage"": ""0.00""
          },
          ""(iii) Government companies"": {
            ""Number of Shares"": ""0"",
            ""Percentage"": ""0.00""
          }
        },
        ""Insurance companies"": {
          ""Insurance companies"": {
            ""Number of Shares"": ""0"",
            ""Percentage"": ""0.00""
          }
        },
        ""Banks"": {
          ""Banks"": {
            ""Number of Shares"": ""0"",
            ""Percentage"": ""0.00""
          }
        },
        ""Financial institutions"": {
          ""Financial institutions"": {
            ""Number of Shares"": ""0"",
            ""Percentage"": ""0.00""
          }
        },
        ""Foreign institutional investors"": {
          ""Foreign institutional investors"": {
            ""Number of Shares"": ""0"",
            ""Percentage"": ""0.00""
          }
        },
        ""Mutual funds"": {
          ""Mutual funds"": {
            ""Number of Shares"": ""0"",
            ""Percentage"": ""0.00""
          }
        },
        ""Venture capital"": {
          ""Venture capital"": {
            ""Number of Shares"": ""0"",
            ""Percentage"": ""0.00""
          }
        },
        ""Body corporate (not mentioned above)"": {
          ""Body corporate (not mentioned above)"": {
            ""Number of Shares"": ""11"",
            ""Percentage"": ""0.00""
          }
        },
        ""Others"": {
          ""Others"": {
            ""Number of Shares"": ""0"",
            ""Percentage"": ""0.00""
          }
        },
        ""Total"": {
          ""Total"": {
            ""Number of Shares"": ""157,511"",
            ""Percentage"": ""23.21""
          }
        }
      }
    }
  }
}",output_csv_page_page_19.csv
"GODREJ AND BOYCE MANUFACTURING COMPANY LIMITED - Directors Shareholding - 31 Mar, 2024",Directors Shareholding,"{
  ""Name"": {
    ""NYRIKA HOLKAR"": ""1.53"",
    ""FREYAN CRISHNA BIERI"": ""1.53"",
    ""NAVROZE JAMSHYD GODREJ"": ""1.53"",
    ""JAMSHYD NAOROJI GODREJ"": ""0.00"",
    ""PIROOZ PERVEZ MOVDAWALLA"": ""0.00"",
    ""BHAVESH KANTILAL KHANDHAR"": ""0.00"",
    ""ANIL GYAN VERMA"": ""0.00"",
    ""KAVAS NOSHIRWAN PETIGARA"": ""0.00"",
    ""ANITA RAMACHANDRAN"": ""0.00"",
    ""KEKI MANCHERSHA ELAVIA"": ""0.00"",
    ""PRADIP PANALAL SHAH"": ""0.00""
  },
  ""Designation"": {
    ""NYRIKA HOLKAR"": ""Wholetime Director"",
    ""FREYAN CRISHNA BIERI"": ""Director"",
    ""NAVROZE JAMSHYD GODREJ"": ""Director"",
    ""JAMSHYD NAOROJI GODREJ"": ""Managing Director"",
    ""PIROOZ PERVEZ MOVDAWALLA"": ""Chief Financial Officer"",
    ""BHAVESH KANTILAL KHANDHAR"": ""Company Secretary"",
    ""ANIL GYAN VERMA"": ""Wholetime Director"",
    ""KAVAS NOSHIRWAN PETIGARA"": ""Director"",
    ""ANITA RAMACHANDRAN"": ""Director"",
    ""KEKI MANCHERSHA ELAVIA"": ""Director"",
    ""PRADIP PANALAL SHAH"": ""Director""
  },
  ""Shareholding (%)"": {
    ""NYRIKA HOLKAR"": ""1.53"",
    ""FREYAN CRISHNA BIERI"": ""1.53"",
    ""NAVROZE JAMSHYD GODREJ"": ""1.53"",
    ""JAMSHYD NAOROJI GODREJ"": ""0.00"",
    ""PIROOZ PERVEZ MOVDAWALLA"": ""0.00"",
    ""BHAVESH KANTILAL KHANDHAR"": ""0.00"",
    ""ANIL GYAN VERMA"": ""0.00"",
    ""KAVAS NOSHIRWAN PETIGARA"": ""0.00"",
    ""ANITA RAMACHANDRAN"": ""0.00"",
    ""KEKI MANCHERSHA ELAVIA"": ""0.00"",
    ""PRADIP PANALAL SHAH"": ""0.00""
  },
  ""Number of Shares"": {
    ""NYRIKA HOLKAR"": ""10,381"",
    ""FREYAN CRISHNA BIERI"": ""10,380"",
    ""NAVROZE JAMSHYD GODREJ"": ""10,379"",
    ""JAMSHYD NAOROJI GODREJ"": ""5"",
    ""PIROOZ PERVEZ MOVDAWALLA"": ""0"",
    ""BHAVESH KANTILAL KHANDHAR"": ""0"",
    ""ANIL GYAN VERMA"": ""0"",
    ""KAVAS NOSHIRWAN PETIGARA"": ""0"",
    ""ANITA RAMACHANDRAN"": ""0"",
    ""KEKI MANCHERSHA ELAVIA"": ""0"",
    ""PRADIP PANALAL SHAH"": ""0""
  },
  ""Cessation Date"": {
    ""NYRIKA HOLKAR"": ""-"",
    ""FREYAN CRISHNA BIERI"": ""-"",
    ""NAVROZE JAMSHYD GODREJ"": ""-"",
    ""JAMSHYD NAOROJI GODREJ"": ""-"",
    ""PIROOZ PERVEZ MOVDAWALLA"": ""-"",
    ""BHAVESH KANTILAL KHANDHAR"": ""-"",
    ""ANIL GYAN VERMA"": ""-"",
    ""KAVAS NOSHIRWAN PETIGARA"": ""14 Sep, 2024"",
    ""ANITA RAMACHANDRAN"": ""14 Sep, 2024"",
    ""KEKI MANCHERSHA ELAVIA"": ""14 Sep, 2024"",
    ""PRADIP PANALAL SHAH"": ""14 Sep, 2024""
  }
}",output_csv_page_page_20.csv
Company Name,,Godrej and Boyce Manufacturing Company Limited,output_csv_page_page_4.csv
Registered Address,,"PIROJSHA NAGAR, Vikhroli, Mumbai - 400079, Maharashtra",output_csv_page_page_4.csv
Business Address,,"Pirojshanagar, Vikhroli, Mumbai - 400079, Maharashtra",output_csv_page_page_4.csv
Incorporation Date,,"3 Mar, 1932",output_csv_page_page_4.csv
Company Type,,Public Limited Indian Non-Government Company,output_csv_page_page_4.csv
Listing Status,,Unlisted,output_csv_page_page_4.csv
Website,,https://www.godrejenterprises.com/,output_csv_page_page_4.csv
Email,,"bkk@godrej.com, info@godrej.com, smitaroy@godrej.com",output_csv_page_page_4.csv
Phone Numbers,,"+91-22-67965108, +91-22-67961700, +91-22-67961800",output_csv_page_page_4.csv
CIN,,U28993MH1932PLC001828,output_csv_page_page_4.csv
PAN,,AAACG1395D,output_csv_page_page_4.csv
Paid Up Capital,,Rs. 6.78 Crore,output_csv_page_page_4.csv
Authorized Capital,,Rs. 20.00 Crore,output_csv_page_page_4.csv
Sum of Charges,,"Rs. 4,565.00 Crore",output_csv_page_page_4.csv
Company Status,,Active,output_csv_page_page_4.csv
Compliance Status,,Active Compliant,output_csv_page_page_4.csv
Last AGM Date,,"13 Sep, 2024",output_csv_page_page_4.csv
LEI,,335800P1QXQS11Z6MI12,output_csv_page_page_4.csv
About The Company,,"Godrej and Boyce Manufacturing Company Limited (GBMCL), as per its credit rating report, is engaged in diverse business segments spanning home appliances, FMCG, consumer products, industrial products (process plant and equipment), oleochemicals, security equipment, animal feed, real estate development, and oil palm plantation through various group companies. The rationale for the restructuring was to enhance the companyâ€™s flexibility for any future corporate action, such as an Initial Public Offering (IPO), public listing of an individual division, or a strategic partner coming on board. The company operates in diverse business divisions, offering consumer, office, and industrial products and services across India and the globe. GBMCL's main production facility is located in Mumbai (Vikroli), while its manufacturing units are at Shirwal and Shindewadi (near Pune, Maharashtra), Mohali (Punjab), Bhagwanpur and Haridwar (Uttarakhand), Dahej (Gujarat), and Chennai (Tamil Nadu).",output_csv_page_page_4.csv
Industry And Segment(s),Animal Feeds,True,output_csv_page_page_4.csv
Industry And Segment(s),Agro,True,output_csv_page_page_4.csv
Industry And Segment(s),Electronic Appliances Manufacturer,True,output_csv_page_page_4.csv
Industry And Segment(s),Consumer Durables,True,output_csv_page_page_4.csv
Industry And Segment(s),Security Products,True,output_csv_page_page_4.csv
Industry And Segment(s),Manufacturing,True,output_csv_page_page_4.csv
Industry And Segment(s),Builders and Developers,True,output_csv_page_page_4.csv
Industry And Segment(s),Real Estate,True,output_csv_page_page_4.csv
Principal Business Activities,"31 Mar, 2024","{
  ""Main Activity"": ""Manufacturing"",
  ""Group Code"": ""C"",
  ""Description of Main Activity Group"": ""C"",
  ""Business Activity Code"": ""C7"",
  ""Description of Business Activity"": ""Metal and metal products"",
  ""% of Turnover"": ""50.5"",
  ""Activity"": [
    {
      ""Group Code"": ""C"",
      ""Description of Main Activity Group"": ""C"",
      ""Business Activity Code"": ""C3"",
      ""Description of Business Activity"": ""Wood and wood products, furniture, paper and paper products"",
      ""% of Turnover"": ""18.9""
    },
    {
      ""Group Code"": ""C"",
      ""Description of Main Activity Group"": ""C"",
      ""Business Activity Code"": ""C10"",
      ""Description of Business Activity"": ""Electrical equipment, General Purpose and Special purpose Machinery & equipment, Transport equipment"",
      ""% of Turnover"": ""11.4""
    },
    {
      ""Group Code"": ""C"",
      ""Description of Main Activity Group"": ""C"",
      ""Business Activity Code"": ""C8"",
      ""Description of Business Activity"": ""Plastic products, non-metallic mineral products, rubber products, fabricated metal products"",
      ""% of Turnover"": ""6.8""
    },
    {
      ""Group Code"": ""C"",
      ""Description of Main Activity Group"": ""C"",
      ""Business Activity Code"": ""C11"",
      ""Description of Business Activity"": ""Motor vehicles, trailers, semi-trailers and other Transport Vehicles"",
      ""% of Turnover"": ""5.2""
    },
    {
      ""Group Code"": ""L"",
      ""Description of Main Activity Group"": ""L"",
      ""Business Activity Code"": ""L1"",
      ""Description of Business Activity"": ""Real estate activities with own or leased property"",
      ""% of Turnover"": ""4.0""
    },
    {
      ""Group Code"": ""C"",
      ""Description of Main Activity Group"": ""C"",
      ""Business Activity Code"": ""C9"",
      ""Description of Business Activity"": ""Computer, electronic, Communication and scientific measuring & control equipment"",
      ""% of Turnover"": ""3.1""
    }
  ]
}",output_csv_page_page_4.csv
Standalone Financial Data,"31 Mar, 2022","{
  ""Balance Sheet - AOC-4 (Rs. Crore)"": {
    ""Equity and Liabilities"": {
      ""Equity"": {
        ""Share Capital"": ""6.78"",
        ""Reserves and Surplus"": ""10,904.22"",
        ""Other Equity"": ""15,272.14"",
        ""Total Equity"": null
      },
      ""Liabilities"": {
        ""Non-current Liabilities"": {
          ""Long Term Borrowings"": ""1,187.58"",
          ""Net Deferred Tax Liabilities"": ""324.99"",
          ""Other Long Term Liabilities"": ""662.32"",
          ""Long Term Provisions"": ""115.70"",
          ""Total Non-current Liabilities"": ""2,142.70""
        },
        ""Current Liabilities"": {
          ""Short Term Borrowings"": ""1,686.97"",
          ""Trade Payables"": ""2,358.73"",
          ""Other Current Liabilities"": ""1,868.02"",
          ""Short Term Provisions"": ""109.87"",
          ""Total Current Liabilities"": ""6,058.06""
        },
        ""Total Equity and Liabilities"": ""19,111.76""
      }
    },
    ""Assets"": {
      ""Net Fixed Assets"": {
        ""Tangible Assets"": ""3,414.89"",
        ""Intangible Assets"": ""9.00"",
        ""Total Net Fixed Assets"": ""3,423.89""
      },
      ""Capital Work-in-progress"": ""753.37"",
      ""Other Non-current Assets"": {
        ""Non-current Investments"": ""7,581.38"",
        ""Net Deferred Tax Assets"": null,
        ""Long Term Loans and Advances"": ""59.60"",
        ""Other Non-current Assets"": ""151.08"",
        ""Total Other Non-current Assets"": ""7,792.06""
      },
      ""Current Assets"": {
        ""Current Investments"": ""0.00"",
        ""Inventories"": ""2,764.95"",
        ""Trade Receivables"": ""2,641.67"",
        ""Cash and Bank Balances"": ""423.79"",
        ""Short Term Loans and Advances"": ""81.55"",
        ""Other Current Assets"": ""9,079.34"",
        ""Total Current Assets"": ""16,609.28""
      },
      ""Total Assets"": ""19,111.76""
    }
  }
}",output_csv_page_page_6.csv
Standalone Financial Data,"31 Mar, 2023","{
  ""Balance Sheet - AOC-4 (Rs. Crore)"": {
    ""Equity and Liabilities"": {
      ""Equity"": {
        ""Share Capital"": ""6.78"",
        ""Reserves and Surplus"": ""11,922.21"",
        ""Other Equity"": ""11,928.99"",
        ""Total Equity"": null
      },
      ""Liabilities"": {
        ""Non-current Liabilities"": {
          ""Long Term Borrowings"": ""1,207.84"",
          ""Net Deferred Tax Liabilities"": ""663.78"",
          ""Other Long Term Liabilities"": ""623.08"",
          ""Long Term Provisions"": ""119.74"",
          ""Total Non-current Liabilities"": ""2,275.65""
        },
        ""Current Liabilities"": {
          ""Short Term Borrowings"": ""2,433.16"",
          ""Trade Payables"": ""2,983.17"",
          ""Other Current Liabilities"": ""2,191.89"",
          ""Short Term Provisions"": ""100.87"",
          ""Total Current Liabilities"": ""6,962.90""
        },
        ""Total Equity and Liabilities"": ""21,167.54""
      }
    },
    ""Assets"": {
      ""Net Fixed Assets"": {
        ""Tangible Assets"": ""3,831.93"",
        ""Intangible Assets"": ""6.99"",
        ""Total Net Fixed Assets"": ""3,838.92""
      },
      ""Capital Work-in-progress"": ""400.79"",
      ""Other Non-current Assets"": {
        ""Non-current Investments"": ""8,599.75"",
        ""Net Deferred Tax Assets"": null,
        ""Long Term Loans and Advances"": ""57.72"",
        ""Other Non-current Assets"": ""158.49"",
        ""Total Other Non-current Assets"": ""8,815.96""
      },
      ""Current Assets"": {
        ""Current Investments"": ""147.15"",
        ""Inventories"": ""2,872.01"",
        ""Trade Receivables"": ""2,844.26"",
        ""Cash and Bank Balances"": ""426.24"",
        ""Short Term Loans and Advances"": ""161.29"",
        ""Other Current Assets"": ""8,111.87"",
        ""Total Current Assets"": ""13,110.57""
      },
      ""Total Assets"": ""21,167.54""
    }
  }
}",output_csv_page_page_6.csv
Standalone Financial Data,"31 Mar, 2024","{
  ""Balance Sheet - AOC-4 (Rs. Crore)"": {
    ""Equity and Liabilities"": {
      ""Equity"": {
        ""Share Capital"": ""6.78"",
        ""Reserves and Surplus"": ""15,265.36"",
        ""Other Equity"": ""10,911.00"",
        ""Total Equity"": null
      },
      ""Liabilities"": {
        ""Non-current Liabilities"": {
          ""Long Term Borrowings"": ""681.31"",
          ""Net Deferred Tax Liabilities"": ""739.25"",
          ""Other Long Term Liabilities"": ""739.25"",
          ""Long Term Provisions"": ""112.39"",
          ""Total Non-current Liabilities"": ""2,196.73""
        },
        ""Current Liabilities"": {
          ""Short Term Borrowings"": ""2,433.16"",
          ""Trade Payables"": ""3,420.85"",
          ""Other Current Liabilities"": ""2,396.02"",
          ""Short Term Provisions"": ""127.13"",
          ""Total Current Liabilities"": ""8,377.16""
        },
        ""Total Equity and Liabilities"": ""25,846.03""
      }
    },
    ""Assets"": {
      ""Net Fixed Assets"": {
        ""Tangible Assets"": ""3,923.74"",
        ""Intangible Assets"": ""5.09"",
        ""Total Net Fixed Assets"": ""3,928.83""
      },
      ""Capital Work-in-progress"": ""484.40"",
      ""Other Non-current Assets"": {
        ""Non-current Investments"": ""12,081.85"",
        ""Net Deferred Tax Assets"": null,
        ""Long Term Loans and Advances"": ""60.51"",
        ""Other Non-current Assets"": ""211.10"",
        ""Total Other Non-current Assets"": ""12,353.46""
      },
      ""Current Assets"": {
        ""Current Investments"": ""0.00"",
        ""Inventories"": ""2,997.28"",
        ""Trade Receivables"": ""3,133.33"",
        ""Cash and Bank Balances"": ""300.75"",
        ""Short Term Loans and Advances"": ""359.70"",
        ""Other Current Assets"": ""7,142.44"",
        ""Total Current Assets"": ""13,572.18""
      },
      ""Total Assets"": ""25,846.03""
    }
  }
}",output_csv_page_page_6.csv
Profit & Loss - AOC-4 (Rs. Crore),"31 Mar, 2022","{
  ""Total operating revenue net of taxes"": ""12,344.49"",
  ""Net Revenue"": ""12,344.49"",
  ""Cost of Materials Consumed"": ""2,754.00"",
  ""Purchases of Stock-in-trade"": ""-114.29"",
  ""Changes in Inventories / Finished Goods"": ""1,309.33"",
  ""Employee Benefit Expense"": ""5,287.63"",
  ""Other Expenses"": ""14,978.74"",
  ""Operating Cost"": ""14,978.74"",
  ""Total Operating Cost"": ""1,202.87"",
  ""Operating Profit ( EBITDA )"": ""424.88"",
  ""Depreciation and Amortization Expense"": ""424.88"",
  ""Other Income"": ""41.33"",
  ""Profit Before Interest and Tax"": ""435.30"",
  ""Finance Costs"": ""179.82"",
  ""Profit Before Tax and Exceptional Items Before Tax"": ""255.48"",
  ""Exceptional Items Before Tax"": ""216.64"",
  ""Income Tax"": ""99.16"",
  ""Profit Before Tax"": ""472.12"",
  ""Profit For the Period from Continuing Operations"": ""372.96"",
  ""Profit from Discontinuing Operations After Tax"": ""0.00"",
  ""Profit For the Period"": ""372.96""
}",output_csv_page_page_7.csv
Profit & Loss - AOC-4 (Rs. Crore),"31 Mar, 2023","{
  ""Total operating revenue net of taxes"": ""14,570.42"",
  ""Net Revenue"": ""14,570.42"",
  ""Cost of Materials Consumed"": ""2,277.57"",
  ""Purchases of Stock-in-trade"": ""-132.44"",
  ""Changes in Inventories / Finished Goods"": ""1,284.49"",
  ""Employee Benefit Expense"": ""4,417.05"",
  ""Other Expenses"": ""13,635.63"",
  ""Operating Cost"": ""13,635.63"",
  ""Total Operating Cost"": ""934.79"",
  ""Operating Profit ( EBITDA )"": ""456.14"",
  ""Depreciation and Amortization Expense"": ""456.14"",
  ""Other Income"": ""29.75"",
  ""Profit Before Interest and Tax"": ""508.40"",
  ""Finance Costs"": ""234.98"",
  ""Profit Before Tax and Exceptional Items Before Tax"": ""273.42"",
  ""Exceptional Items Before Tax"": ""13.47"",
  ""Income Tax"": ""76.06"",
  ""Profit Before Tax"": ""286.89"",
  ""Profit For the Period from Continuing Operations"": ""210.83"",
  ""Profit from Discontinuing Operations After Tax"": ""-"",
  ""Profit For the Period"": ""210.83""
}",output_csv_page_page_7.csv
Profit & Loss - AOC-4 (Rs. Crore),"31 Mar, 2024","{
  ""Total operating revenue net of taxes"": ""16,181.61"",
  ""Net Revenue"": ""16,181.61"",
  ""Cost of Materials Consumed"": ""1,576.65"",
  ""Purchases of Stock-in-trade"": ""-230.37"",
  ""Changes in Inventories / Finished Goods"": ""1,140.72"",
  ""Employee Benefit Expense"": ""3,560.48"",
  ""Other Expenses"": ""11,525.64"",
  ""Operating Cost"": ""11,525.64"",
  ""Total Operating Cost"": ""818.85"",
  ""Operating Profit ( EBITDA )"": ""486.73"",
  ""Depreciation and Amortization Expense"": ""486.73"",
  ""Other Income"": ""173.90"",
  ""Profit Before Interest and Tax"": ""890.04"",
  ""Finance Costs"": ""266.77"",
  ""Profit Before Tax and Exceptional Items Before Tax"": ""623.27"",
  ""Exceptional Items Before Tax"": ""-56.46"",
  ""Income Tax"": ""157.68"",
  ""Profit Before Tax"": ""566.81"",
  ""Profit For the Period from Continuing Operations"": ""409.13"",
  ""Profit from Discontinuing Operations After Tax"": ""-"",
  ""Profit For the Period"": ""409.13""
}",output_csv_page_page_7.csv
Profit & Loss - Key Schedule (Rs. Crore),"31 Mar, 2022","{
  ""Sum of power and fuel, electricity expenses"": ""49.92"",
  ""Managerial Remuneration"": ""5.02"",
  ""Payment to Auditors"": ""28.70"",
  ""Insurance Expenses"": ""163.27"",
  ""Power and Fuel *"": ""49.92""
}",output_csv_page_page_7.csv
Profit & Loss - Key Schedule (Rs. Crore),"31 Mar, 2023","{
  ""Sum of power and fuel, electricity expenses"": ""31.96"",
  ""Managerial Remuneration"": ""4.68"",
  ""Payment to Auditors"": ""28.89"",
  ""Insurance Expenses"": ""171.66"",
  ""Power and Fuel *"": ""31.96""
}",output_csv_page_page_7.csv
Profit & Loss - Key Schedule (Rs. Crore),"31 Mar, 2024","{
  ""Sum of power and fuel, electricity expenses"": ""47.81"",
  ""Managerial Remuneration"": ""2.45"",
  ""Payment to Auditors"": ""18.90"",
  ""Insurance Expenses"": ""142.01"",
  ""Power and Fuel *"": ""47.81""
}",output_csv_page_page_7.csv
Cash Flow - AOC-4 (Rs. Crore),"31 Mar, 2022","{
  ""Cash Flows from / ( Used in ) Operating Activities"": {
    ""Profit Before Tax"": ""753.49"",
    ""Adjustment for Finance Cost and Depreciation"": ""-1,076.23"",
    ""Adjustments for Current and Non-Current Assets"": ""707.96"",
    ""Adjustments for Current and Non-Current Liabilities"": ""-77.45"",
    ""Other Adjustments in Operating Activities"": ""874.58"",
    ""Net Cash Flows from / ( Used in ) Operating Activities"": null
  },
  ""Cash Flows from / ( Used in ) Investing Activities"": {
    ""Cash Outflow from Purchase of Assets"": ""-42.68"",
    ""Cash Inflow from Sale of Assets"": ""72.28"",
    ""Income from Assets"": ""64.84"",
    ""Other Adjustments in Investing Activities"": ""-534.30"",
    ""Net Cash Flows from / ( Used in ) Investing Activities"": null
  },
  ""Cash Flows from / ( Used in ) Financing Activities"": {
    ""Cash Outflow from Repayment of Capital and Borrowings"": ""5,706.92"",
    ""Cash Inflow from Raising Capital and Borrowings"": ""431.96"",
    ""Interest and Dividends Paid"": null,
    ""Other Adjustments in Financing Activities"": ""-372.98"",
    ""Net Cash Flows from / ( Used in ) Financing Activities"": null
  },
  ""Increase / ( Decrease ) in Cash and Cash Equivalents Before Effect of Exchange Rate Changes"": ""-11.62"",
  ""Adjustments to Cash and Cash Equivalents"": null,
  ""Net Increase / ( Decrease ) in Cash and Cash Equivalents"": ""-11.62"",
  ""Cash and Cash Equivalents at End of Period"": ""292.74""
}",output_csv_page_page_8.csv
Cash Flow - AOC-4 (Rs. Crore),"31 Mar, 2023","{
  ""Cash Flows from / ( Used in ) Operating Activities"": {
    ""Profit Before Tax"": ""691.12"",
    ""Adjustment for Finance Cost and Depreciation"": ""-793.42"",
    ""Adjustments for Current and Non-Current Assets"": ""954.18"",
    ""Adjustments for Current and Non-Current Liabilities"": ""-138.81"",
    ""Other Adjustments in Operating Activities"": ""999.96"",
    ""Net Cash Flows from / ( Used in ) Operating Activities"": null
  },
  ""Cash Flows from / ( Used in ) Investing Activities"": {
    ""Cash Outflow from Purchase of Assets"": ""7.92"",
    ""Cash Inflow from Sale of Assets"": ""25.16"",
    ""Income from Assets"": ""-162.58"",
    ""Other Adjustments in Investing Activities"": ""-596.09"",
    ""Net Cash Flows from / ( Used in ) Investing Activities"": null
  },
  ""Cash Flows from / ( Used in ) Financing Activities"": {
    ""Cash Outflow from Repayment of Capital and Borrowings"": ""4,748.96"",
    ""Cash Inflow from Raising Capital and Borrowings"": ""240.07"",
    ""Interest and Dividends Paid"": null,
    ""Other Adjustments in Financing Activities"": ""-361.81"",
    ""Net Cash Flows from / ( Used in ) Financing Activities"": null
  },
  ""Increase / ( Decrease ) in Cash and Cash Equivalents Before Effect of Exchange Rate Changes"": ""42.06"",
  ""Adjustments to Cash and Cash Equivalents"": null,
  ""Net Increase / ( Decrease ) in Cash and Cash Equivalents"": ""42.06"",
  ""Cash and Cash Equivalents at End of Period"": ""328.19""
}",output_csv_page_page_8.csv
Cash Flow - AOC-4 (Rs. Crore),"31 Mar, 2024","{
  ""Cash Flows from / ( Used in ) Operating Activities"": {
    ""Profit Before Tax"": ""604.84"",
    ""Adjustment for Finance Cost and Depreciation"": ""-689.19"",
    ""Adjustments for Current and Non-Current Assets"": ""117.10"",
    ""Adjustments for Current and Non-Current Liabilities"": ""-107.98"",
    ""Other Adjustments in Operating Activities"": ""396.89"",
    ""Net Cash Flows from / ( Used in ) Operating Activities"": null
  },
  ""Cash Flows from / ( Used in ) Investing Activities"": {
    ""Cash Outflow from Purchase of Assets"": ""12.33"",
    ""Cash Inflow from Sale of Assets"": ""20.81"",
    ""Income from Assets"": ""11.08"",
    ""Other Adjustments in Investing Activities"": ""-370.09"",
    ""Net Cash Flows from / ( Used in ) Investing Activities"": null
  },
  ""Cash Flows from / ( Used in ) Financing Activities"": {
    ""Cash Outflow from Repayment of Capital and Borrowings"": ""4,165.13"",
    ""Cash Inflow from Raising Capital and Borrowings"": ""181.00"",
    ""Interest and Dividends Paid"": ""-250.00"",
    ""Other Adjustments in Financing Activities"": ""-38.42"",
    ""Net Cash Flows from / ( Used in ) Financing Activities"": null
  },
  ""Increase / ( Decrease ) in Cash and Cash Equivalents Before Effect of Exchange Rate Changes"": ""-32.70"",
  ""Adjustments to Cash and Cash Equivalents"": null,
  ""Net Increase / ( Decrease ) in Cash and Cash Equivalents"": ""-32.70"",
  ""Cash and Cash Equivalents at End of Period"": ""295.49""
}",output_csv_page_page_8.csv
Ratios - AOC-4,"31 Mar, 2022","{
  ""Revenue Growth (%)"": ""23.6"",
  ""Gross Profit Margin (%)"": ""44.7"",
  ""EBITDA Margin (%)"": ""6.6"",
  ""Net Margin (%)"": ""3.0"",
  ""Return on Equity (%)"": ""3.4"",
  ""Return on Capital Employed (%)"": ""3.1"",
  ""Debt Ratio"": ""0.1"",
  ""Debt / Equity"": ""0.3"",
  ""Interest Coverage Ratio"": ""2.4"",
  ""Current Ratio"": ""1.2"",
  ""Quick Ratio"": ""0.7"",
  ""Inventory / Sales (Days)"": ""82"",
  ""Debtors / Sales (Days)"": ""78"",
  ""Payables / Sales (Days)"": ""70"",
  ""Cash Conversion Cycle (Days)"": ""90"",
  ""Sales / Net Fixed Assets"": ""3.6""
}",output_csv_page_page_8.csv
Ratios - AOC-4,"31 Mar, 2023","{
  ""Revenue Growth (%)"": ""18.0"",
  ""Gross Profit Margin (%)"": ""45.5"",
  ""EBITDA Margin (%)"": ""6.4"",
  ""Net Margin (%)"": ""1.4"",
  ""Return on Equity (%)"": ""1.8"",
  ""Return on Capital Employed (%)"": ""3.4"",
  ""Debt Ratio"": ""0.1"",
  ""Debt / Equity"": ""0.2"",
  ""Interest Coverage Ratio"": ""2.2"",
  ""Current Ratio"": ""1.2"",
  ""Quick Ratio"": ""0.8"",
  ""Inventory / Sales (Days)"": ""72"",
  ""Debtors / Sales (Days)"": ""71"",
  ""Payables / Sales (Days)"": ""75"",
  ""Cash Conversion Cycle (Days)"": ""68"",
  ""Sales / Net Fixed Assets"": ""3.8""
}",output_csv_page_page_8.csv
Ratios - AOC-4,"31 Mar, 2024","{
  ""Revenue Growth (%)"": ""11.1"",
  ""Gross Profit Margin (%)"": ""48.2"",
  ""EBITDA Margin (%)"": ""7.4"",
  ""Net Margin (%)"": ""2.5"",
  ""Return on Equity (%)"": ""2.7"",
  ""Return on Capital Employed (%)"": ""4.8"",
  ""Debt Ratio"": ""0.1"",
  ""Debt / Equity"": ""0.2"",
  ""Interest Coverage Ratio"": ""3.3"",
  ""Current Ratio"": ""1.1"",
  ""Quick Ratio"": ""0.7"",
  ""Inventory / Sales (Days)"": ""68"",
  ""Debtors / Sales (Days)"": ""71"",
  ""Payables / Sales (Days)"": ""77"",
  ""Cash Conversion Cycle (Days)"": ""61"",
  ""Sales / Net Fixed Assets"": ""4.1""
}",output_csv_page_page_8.csv
GODREJ AND BOYCE MANUFACTURING COMPANY LIMITED Consolidated Financial Data,"31 Mar, 2022","{
  ""Balance Sheet - AOC-4 (Rs. Crore)"": {
    ""Equity and Liabilities"": {
      ""Equity"": {
        ""Share Capital"": ""6.78"",
        ""Reserves and Surplus"": ""10,746.82"",
        ""Other Equity"": ""15,083.13"",
        ""Total Equity"": null
      },
      ""Liabilities"": {
        ""Non-current Liabilities"": {
          ""Long Term Borrowings"": ""1,373.96"",
          ""Net Deferred Tax Liabilities"": ""325.11"",
          ""Other Long Term Liabilities"": ""674.01"",
          ""Long Term Provisions"": ""121.38"",
          ""Total Non-current Liabilities"": ""2,346.56""
        },
        ""Current Liabilities"": {
          ""Short Term Borrowings"": ""1,741.16"",
          ""Trade Payables"": ""2,363.86"",
          ""Other Current Liabilities"": ""1,927.61"",
          ""Short Term Provisions"": ""111.20"",
          ""Total Current Liabilities"": ""6,171.99""
        },
        ""Total Equity and Liabilities"": ""19,227.02""
      }
    },
    ""Assets"": {
      ""Net Fixed Assets"": {
        ""Tangible Assets"": ""3,463.74"",
        ""Intangible Assets"": ""43.20"",
        ""Total Net Fixed Assets"": ""3,506.94""
      },
      ""Capital Work-in-progress"": ""753.37"",
      ""Other Non-current Assets"": {
        ""Non-current Investments"": ""7,419.15"",
        ""Net Deferred Tax Assets"": ""3.57"",
        ""Long Term Loans and Advances"": ""61.15"",
        ""Other Non-current Assets"": ""160.43"",
        ""Total Other Non-current Assets"": ""7,644.30""
      },
      ""Current Assets"": {
        ""Current Investments"": ""24.09"",
        ""Inventories"": ""2,803.24"",
        ""Trade Receivables"": ""2,657.69"",
        ""Cash and Bank Balances"": ""541.21"",
        ""Short Term Loans and Advances"": ""36.20"",
        ""Other Current Assets"": ""9,167.35"",
        ""Total Current Assets"": ""1,695.36""
      },
      ""Total Assets"": ""19,227.02""
    }
  }
}",output_csv_page_page_9.csv
GODREJ AND BOYCE MANUFACTURING COMPANY LIMITED Consolidated Financial Data,"31 Mar, 2023","{
  ""Balance Sheet - AOC-4 (Rs. Crore)"": {
    ""Equity and Liabilities"": {
      ""Equity"": {
        ""Share Capital"": ""6.78"",
        ""Reserves and Surplus"": ""11,673.37"",
        ""Other Equity"": ""11,612.64"",
        ""Total Equity"": null
      },
      ""Liabilities"": {
        ""Non-current Liabilities"": {
          ""Long Term Borrowings"": ""1,446.01"",
          ""Net Deferred Tax Liabilities"": ""663.90"",
          ""Other Long Term Liabilities"": ""643.44"",
          ""Long Term Provisions"": ""126.60"",
          ""Total Non-current Liabilities"": ""2,541.16""
        },
        ""Current Liabilities"": {
          ""Short Term Borrowings"": ""2,726.09"",
          ""Trade Payables"": ""2,981.25"",
          ""Other Current Liabilities"": ""2,257.21"",
          ""Short Term Provisions"": ""102.52"",
          ""Total Current Liabilities"": ""7,082.14""
        },
        ""Total Equity and Liabilities"": ""21,235.94""
      }
    },
    ""Assets"": {
      ""Net Fixed Assets"": {
        ""Tangible Assets"": ""3,897.98"",
        ""Intangible Assets"": ""33.15"",
        ""Total Net Fixed Assets"": ""3,931.13""
      },
      ""Capital Work-in-progress"": ""400.79"",
      ""Other Non-current Assets"": {
        ""Non-current Investments"": ""8,401.30"",
        ""Net Deferred Tax Assets"": ""5.94"",
        ""Long Term Loans and Advances"": ""58.63"",
        ""Other Non-current Assets"": ""168.38"",
        ""Total Other Non-current Assets"": ""8,634.25""
      },
      ""Current Assets"": {
        ""Current Investments"": ""194.70"",
        ""Inventories"": ""2,917.13"",
        ""Trade Receivables"": ""2,860.00"",
        ""Cash and Bank Balances"": ""549.15"",
        ""Short Term Loans and Advances"": ""53.43"",
        ""Other Current Assets"": ""8,269.77"",
        ""Total Current Assets"": ""1,259.98""
      },
      ""Total Assets"": ""21,235.94""
    }
  }
}",output_csv_page_page_9.csv
GODREJ AND BOYCE MANUFACTURING COMPANY LIMITED Consolidated Financial Data,"31 Mar, 2024","{
  ""Balance Sheet - AOC-4 (Rs. Crore)"": {
    ""Equity and Liabilities"": {
      ""Equity"": {
        ""Share Capital"": ""6.78"",
        ""Reserves and Surplus"": ""-130.01"",
        ""Other Equity"": ""10,708.47"",
        ""Total Equity"": null
      },
      ""Liabilities"": {
        ""Non-current Liabilities"": {
          ""Long Term Borrowings"": ""802.72"",
          ""Net Deferred Tax Liabilities"": ""67.51"",
          ""Other Long Term Liabilities"": ""764.41"",
          ""Long Term Provisions"": ""120.94"",
          ""Total Non-current Liabilities"": ""2,351.97""
        },
        ""Current Liabilities"": {
          ""Short Term Borrowings"": ""2,726.09"",
          ""Trade Payables"": ""3,429.99"",
          ""Other Current Liabilities"": ""2,479.67"",
          ""Short Term Provisions"": ""128.58"",
          ""Total Current Liabilities"": ""8,764.33""
        },
        ""Total Equity and Liabilities"": ""26,199.43""
      }
    },
    ""Assets"": {
      ""Net Fixed Assets"": {
        ""Tangible Assets"": ""4,007.85"",
        ""Intangible Assets"": ""343.46"",
        ""Total Net Fixed Assets"": ""4,351.31""
      },
      ""Capital Work-in-progress"": ""484.78"",
      ""Other Non-current Assets"": {
        ""Non-current Investments"": ""11,884.75"",
        ""Net Deferred Tax Assets"": ""12.29"",
        ""Long Term Loans and Advances"": ""84.61"",
        ""Other Non-current Assets"": ""214.34"",
        ""Total Other Non-current Assets"": ""12,195.99""
      },
      ""Current Assets"": {
        ""Current Investments"": ""67.00"",
        ""Inventories"": ""3,034.73"",
        ""Trade Receivables"": ""3,159.16"",
        ""Cash and Bank Balances"": ""484.22"",
        ""Short Term Loans and Advances"": ""111.14"",
        ""Other Current Assets"": ""7,322.41"",
        ""Total Current Assets"": null
      },
      ""Total Assets"": ""26,199.43""
    }
  }
}",output_csv_page_page_9.csv
